INSERT INTO Department VALUES('CS', 1, 10000000);
INSERT INTO Department VALUES('MATH', 2, 20000000);
INSERT INTO Department VALUES('MBG', 3, 30000000);
INSERT INTO Department VALUES('CHEM', 4, 40000000);
INSERT INTO Department VALUES('PSYC', 5, 66000000);
INSERT INTO Department VALUES('ECON', 6, 50000000);
INSERT INTO Department VALUES('EE', 7, 77000000);
INSERT INTO Department VALUES('ME', 8, 87700000);
INSERT INTO Department VALUES('SOC', 9, 1000000);
INSERT INTO Department VALUES('ARCH', 10, 9000000);

INSERT INTO Student VALUES(1217013, 'password1', 'Jimmy', 'Williams', 'Williams@harvard.edu',93029321, 'CS', 0, 10000,'2020-01-20');
INSERT INTO Student VALUES(1217014, 'password1', 'John', 'Johsnon', 'Johsnon@harvard.edu',93029321, 'MBG', 0, 10000,'2020-01-20');
INSERT INTO Student VALUES(1217015, 'password1', 'James', 'Tolstoy', 'Tolstoy@harvard.edu',93029321, 'MATH', 0, 231320,'2020-01-20');
INSERT INTO Student VALUES(1217016, 'password1', 'Ben', 'Colbert', 'Colbert@harvard.edu',93029321, 'CS', 0, 42340,'2020-01-20');
INSERT INTO Student VALUES(1217017, 'password1', 'Alice', 'Kimmel', 'Kimmel@harvard.edu',93029321, 'CS', 0, 6540,'2020-01-20');
INSERT INTO Student VALUES(1217018, 'password1', 'May', 'Fallon', 'Fallon@harvard.edu',93029321, 'CS', 0, 53420,'2020-01-20');
INSERT INTO Student VALUES(1217019, 'password1', 'Amy', 'Westwood', 'Westwood@harvard.edu',93029321, 'MBG', 0, 53242,'2020-01-20');
INSERT INTO Student VALUES(1217021, 'password1', 'Cindy', 'Festerburg', 'Festerburg@harvard.edu',93029321, 'MATH', 0, 5324254,'2020-01-20');
INSERT INTO Student VALUES(1217022, 'password1', 'Bernard', 'Beerwood', 'Beerwood@harvard.edu',93029321, 'CHEM', 0, 43234,'2020-01-20');
INSERT INTO Student VALUES(1217023, 'password1', 'Tim', 'Allen', 'Allen@harvard.edu',93029321, 'PSYC', 0, 532442,'2020-01-20');
INSERT INTO Student VALUES(1217024, 'password1', 'Steve', 'Gunn', 'Gunn@harvard.edu',93029321, 'SOC', 0, 643454,'2020-01-20');
INSERT INTO Student VALUES(1217025, 'password1', 'Stephen', 'Forester', 'Forester@harvard.edu',93029321, 'ARCH', 0, 6434540,'2020-01-20');
INSERT INTO Student VALUES(1217026, 'password1', 'Peter', 'Parker', 'Parker@harvard.edu',93029321, 'ME', 0, 6433,'2020-01-20');
INSERT INTO Student VALUES(1217027, 'password1', 'Sara', 'Jackie', 'Jackie@harvard.edu',93029321, 'EE', 0, 0,'2020-01-20');
INSERT INTO Student VALUES(1217028, 'password1', 'Mary', 'Selenium', 'Selenium@harvard.edu',93029321, 'EE', 0, 43,'2020-01-20');
INSERT INTO Student VALUES(1217029, 'password1', 'David', 'Galvin', 'Galvin@harvard.edu',93029321, 'EE', 0, 43423,'2020-01-20');
INSERT INTO Student VALUES(1217030, 'password1', 'Boris', 'Boron', 'Boron@harvard.edu',93029321, 'MATH', 0, 4344,'2020-01-20');
INSERT INTO Student VALUES(1217031, 'password1', 'Stephanie', 'Helium', 'Helium@harvard.edu',93029321, 'EE', 0, 899,'2020-01-20');
INSERT INTO Student VALUES(1217032, 'password1', 'Aron', 'Einstenium', 'Einstenium@harvard.edu',93029321, 'ME', 0, 899987,'2020-01-20');
INSERT INTO Student VALUES(1217033, 'password1', 'Clara', 'Greenwood', 'Greenwood@harvard.edu',93029321, 'CS', 0, 89,'2020-01-20');

INSERT INTO Instructor VALUES(2217034, 'password1', 'Mario', 'Greenwood', 'Mario@harvard.edu', 123, 'CS', 100, '2020-01-20');
INSERT INTO Instructor VALUES(2217035, 'password1', 'Petey', 'Cruiser', 'Petey@harvard.edu', 123, 'CS', 200, '2020-01-20');
INSERT INTO Instructor VALUES(2217036, 'password1', 'Anna', 'Sthesia', 'Anna@harvard.edu', 123, 'CS', 300, '2020-01-20');
INSERT INTO Instructor VALUES(2217037, 'password1', 'Paul', 'Molive', 'Paul@harvard.edu', 123, 'CS', 400, '2020-01-20');
INSERT INTO Instructor VALUES(2217038, 'password1', 'Anna', 'Mull', 'Mull@harvard.edu', 123, 'CS', 500, '2020-01-20');
INSERT INTO Instructor VALUES(2217039, 'password1', 'Gail', 'Forcewind', 'Forcewind@harvard.edu', 123, 'CS', 600, '2020-01-20');
INSERT INTO Instructor VALUES(2217040, 'password1', 'Paige', 'Turner', 'Turner@harvard.edu', 123, 'CS', 700, '2020-01-20');
INSERT INTO Instructor VALUES(2217041, 'password1', 'Bob', 'Frapples', 'Frapples@harvard.edu', 123, 'CS', 800, '2020-01-20');
INSERT INTO Instructor VALUES(2217042, 'password1', 'Walter', 'Melon', 'Melon@harvard.edu', 123, 'CS', 900, '2020-01-20');
INSERT INTO Instructor VALUES(2217043, 'password1', 'Nick', 'Bocker', 'Bocker@harvard.edu', 123, 'CS', 10000, '2020-01-20');

INSERT INTO Career VALUES(75514212, 'Facebook is privacy concerned company', 'anyone who wants to work', 1000);
INSERT INTO Career VALUES(75514213, 'Microsoft is privacy concerned company', 'anyone who wants to work as a web developer', 1000);
INSERT INTO Career VALUES(75514214, 'Asus is privacy concerned company', 'anyone who wants to work as a mobile developer', 1000);
INSERT INTO Career VALUES(75514215, 'Dell is privacy concerned company', 'anyone who wants to work', 1000);
INSERT INTO Career VALUES(75514216, 'Fofo is privacy concerned company', 'anyone who wants to work', 1000);
INSERT INTO Career VALUES(75514217, 'Hamidius is privacy concerned company', 'anyone who wants to work', 1000);
INSERT INTO Career VALUES(75514218, 'Balajius is privacy concerned company', 'anyone who wants to work', 1000);
INSERT INTO Career VALUES(75514219, 'Permanius is privacy concerned company', 'anyone who wants to work', 1000);
INSERT INTO Career VALUES(75514220, 'Hanzallius is privacy concerned company', 'anyone who wants to work', 1000);
INSERT INTO Career VALUES(75514221, 'Whatius is privacy concerned company', 'anyone who wants to work', 1000);

INSERT INTO Course VALUES(1, 'Course_A', 1);
INSERT INTO Course VALUES(2, 'Course_B', 2);
INSERT INTO Course VALUES(3, 'Course_C', 3);
INSERT INTO Course VALUES(4, 'Course_D', 4);
INSERT INTO Course VALUES(5, 'Course_E', 4);
INSERT INTO Course VALUES(6, 'Course_F', 4);
INSERT INTO Course VALUES(7, 'Course_G', 2);
INSERT INTO Course VALUES(8, 'Course_H', 3);
INSERT INTO Course VALUES(9, 'Course_I', 3);
INSERT INTO Course VALUES(10, 'Course_J', 3);
INSERT INTO Course VALUES(11, 'Course_K', 3);
INSERT INTO Course VALUES(12, 'Course_M', 3);
INSERT INTO Course VALUES(13, 'Course_N', 0);
INSERT INTO Course VALUES(14, 'Course_O', 0);
INSERT INTO Course VALUES(15, 'Course_P', 1);

INSERT INTO Prereq VALUES(1, 2);
INSERT INTO Prereq VALUES(4, 3);
INSERT INTO Prereq VALUES(6, 7);
INSERT INTO Prereq VALUES(12, 13);
INSERT INTO Prereq VALUES(8, 2);
INSERT INTO Prereq VALUES(15, 9);

INSERT INTO Section VALUES('CA-01',1,1,101);
INSERT INTO Section VALUES('CA-02',1,2,102);
INSERT INTO Section VALUES('CB-01',2,3,103);
INSERT INTO Section VALUES('CC-01',3,4,104);
INSERT INTO Section VALUES('CD-01',4,5,105);
INSERT INTO Section VALUES('CE-01',5,6,106);
INSERT INTO Section VALUES('CE-02',5,7,107);
INSERT INTO Section VALUES('CF-01',6,4,108);
INSERT INTO Section VALUES('CG-01',7,2,109);
INSERT INTO Section VALUES('CH-01',8,1,110);
INSERT INTO Section VALUES('CI-01',9,4,111);
INSERT INTO Section VALUES('CJ-01',10,5,12);
INSERT INTO Section VALUES('CK-01',11,3,2);
INSERT INTO Section VALUES('CJ-02',10,3,22);
INSERT INTO Section VALUES('CK-02',11,6,232);
INSERT INTO Section VALUES('CM-01',12,9,322);
INSERT INTO Section VALUES('CN-01',13,8,32);
INSERT INTO Section VALUES('CO-01',14,7,452);
INSERT INTO Section VALUES('CP-01',15,8,552);

 INSERT INTO TA VALUES(1217024, 'password1', 'Steve', 'Gunn', 'Gunn@harvard.edu',93029321, 'SOC', 0, 10000, '2020-01-20');
 INSERT INTO TA VALUES(1217025, 'password1', 'Stephen', 'Forester', 'Forester@harvard.edu',93029321, 'ARCH', 0, 10000, '2020-01-20');
 INSERT INTO TA VALUES(1217026, 'password1', 'Peter', 'Parker', 'Parker@harvard.edu',93029321, 'ME', 0, 10000, '2020-01-20');
 INSERT INTO TA VALUES(1217027, 'password1', 'Sara', 'Jackie', 'Jackie@harvard.edu',93029321, 'EE', 0, 10000, '2020-01-20');
 INSERT INTO TA VALUES(1217028, 'password1', 'Mary', 'Selenium', 'Selenium@harvard.edu',93029321, 'EE', 0, 10000, '2020-01-20');
 INSERT INTO TA VALUES(1217029, 'password1', 'David', 'Galvin', 'Galvin@harvard.edu',93029321, 'EE', 0, 10000, '2020-01-20');
 INSERT INTO TA VALUES(1217030, 'password1', 'Boris', 'Boron', 'Boron@harvard.edu',93029321, 'MATH', 0, 10000, '2020-01-20');
 INSERT INTO TA VALUES(1217031, 'password1', 'Stephanie', 'Helium', 'Helium@harvard.edu',93029321, 'EE', 0, 10000, '2020-01-20');
 INSERT INTO TA VALUES(1217032, 'password1', 'Aron', 'Einstenium', 'Einstenium@harvard.edu',93029321, 'ME', 0, 10000, '2020-01-20');
 INSERT INTO TA VALUES(1217033, 'password1', 'Clara', 'Greenwood', 'Greenwood@harvard.edu',93029321, 'CS', 0, 10000, '2020-01-20');

 INSERT INTO ASSISTS VALUES(1, 1217024);
 INSERT INTO ASSISTS VALUES(2, 1217025);
 INSERT INTO ASSISTS VALUES(3, 1217025);
 INSERT INTO ASSISTS VALUES(4, 1217025);
 INSERT INTO ASSISTS VALUES(5, 1217025);
 INSERT INTO ASSISTS VALUES(6, 1217026);
 INSERT INTO ASSISTS VALUES(7, 1217026);
 INSERT INTO ASSISTS VALUES(8, 1217026);
 INSERT INTO ASSISTS VALUES(9, 1217027);
 INSERT INTO ASSISTS VALUES(10, 1217028);

 INSERT INTO TEACHES VALUES(2217034,'CA-01',1);
 INSERT INTO TEACHES VALUES(2217034,'CB-01',2);
 INSERT INTO TEACHES VALUES(2217035,'CC-01', 3);
 INSERT INTO TEACHES VALUES(2217036,'CA-02',1);
 INSERT INTO TEACHES VALUES(2217037,'CD-01',4);
 INSERT INTO TEACHES VALUES(2217037,'CE-01',5);
 INSERT INTO TEACHES VALUES(2217038,'CF-01',6);
 INSERT INTO TEACHES VALUES(2217038,'CG-01',7);
 INSERT INTO TEACHES VALUES(2217039,'CG-01',7);
 INSERT INTO TEACHES VALUES(2217040,'CK-01',11);
 INSERT INTO TEACHES VALUES(2217043,'CK-01',11);